Record Length,2500,,-0.001000,0.000000
Sample Interval,2E-06,,-0.000998,0.000000
Trigger Point,500,,-0.000996,-0.000800
,,,-0.000994,0.000000
,,,-0.000992,0.000000
,,,-0.000990,0.000000
Source,CH2,,-0.000988,0.000000
Vertical Units,V,,-0.000986,0.000000
Vertical Scale,0.02,,-0.000984,0.000000
Vertical Offset,0,,-0.000982,0.000000
Horizontal Units,s,,-0.000980,0.000000
Horizontal Scale,0.0005,,-0.000978,0.000000
Pt Fmt,Y,,-0.000976,0.000000
Yzero,0,,-0.000974,0.000000
Probe Atten,1,,-0.000972,0.000000
Model Number,TDS1001C-EDU,,-0.000970,0.000000
Serial Number,C013086,,-0.000968,0.000000
Firmware Version,FV:v25.07,,-0.000966,0.000000
,,,-0.000964,0.000000
,,,-0.000962,0.000000
,,,-0.000960,0.000000
,,,-0.000958,0.000000
,,,-0.000956,0.000000
,,,-0.000954,0.000000
,,,-0.000952,0.000000
,,,-0.000950,0.000000
,,,-0.000948,0.000000
,,,-0.000946,0.000000
,,,-0.000944,0.000000
,,,-0.000942,0.000000
,,,-0.000940,0.000000
,,,-0.000938,0.000000
,,,-0.000936,0.000000
,,,-0.000934,0.000000
,,,-0.000932,0.000000
,,,-0.000930,0.000000
,,,-0.000928,0.000000
,,,-0.000926,0.000000
,,,-0.000924,0.000000
,,,-0.000922,0.000000
,,,-0.000920,0.000000
,,,-0.000918,0.000000
,,,-0.000916,0.000000
,,,-0.000914,0.000000
,,,-0.000912,0.000000
,,,-0.000910,0.000000
,,,-0.000908,0.000000
,,,-0.000906,0.000000
,,,-0.000904,0.000000
,,,-0.000902,0.000000
,,,-0.000900,0.000000
,,,-0.000898,0.000000
,,,-0.000896,0.000000
,,,-0.000894,0.000000
,,,-0.000892,0.000000
,,,-0.000890,0.000000
,,,-0.000888,0.000000
,,,-0.000886,0.000000
,,,-0.000884,0.000000
,,,-0.000882,0.000000
,,,-0.000880,0.000000
,,,-0.000878,0.000000
,,,-0.000876,0.000000
,,,-0.000874,0.000000
,,,-0.000872,0.000000
,,,-0.000870,0.000000
,,,-0.000868,0.000800
,,,-0.000866,0.000000
,,,-0.000864,0.000800
,,,-0.000862,0.000000
,,,-0.000860,0.000000
,,,-0.000858,0.000000
,,,-0.000856,0.000000
,,,-0.000854,0.000000
,,,-0.000852,0.000000
,,,-0.000850,0.000000
,,,-0.000848,0.000000
,,,-0.000846,0.000000
,,,-0.000844,0.000000
,,,-0.000842,0.000000
,,,-0.000840,0.000000
,,,-0.000838,0.000000
,,,-0.000836,0.000000
,,,-0.000834,0.000800
,,,-0.000832,0.000000
,,,-0.000830,0.000000
,,,-0.000828,0.000000
,,,-0.000826,0.000000
,,,-0.000824,0.000000
,,,-0.000822,0.000000
,,,-0.000820,0.000000
,,,-0.000818,0.000000
,,,-0.000816,0.000000
,,,-0.000814,0.000000
,,,-0.000812,0.000000
,,,-0.000810,0.000000
,,,-0.000808,0.000000
,,,-0.000806,0.000000
,,,-0.000804,0.000000
,,,-0.000802,0.000000
,,,-0.000800,0.000000
,,,-0.000798,0.000000
,,,-0.000796,0.000000
,,,-0.000794,0.000000
,,,-0.000792,0.000000
,,,-0.000790,0.000800
,,,-0.000788,0.000000
,,,-0.000786,0.000000
,,,-0.000784,0.000000
,,,-0.000782,0.000000
,,,-0.000780,0.000000
,,,-0.000778,0.000800
,,,-0.000776,0.000800
,,,-0.000774,0.000800
,,,-0.000772,0.000800
,,,-0.000770,0.000800
,,,-0.000768,0.000000
,,,-0.000766,0.000800
,,,-0.000764,0.000800
,,,-0.000762,0.000800
,,,-0.000760,0.000800
,,,-0.000758,0.000800
,,,-0.000756,0.000800
,,,-0.000754,0.000000
,,,-0.000752,0.000800
,,,-0.000750,0.000800
,,,-0.000748,0.000000
,,,-0.000746,0.000000
,,,-0.000744,0.000800
,,,-0.000742,0.000800
,,,-0.000740,0.000800
,,,-0.000738,0.000800
,,,-0.000736,0.000800
,,,-0.000734,0.000000
,,,-0.000732,0.000800
,,,-0.000730,0.000800
,,,-0.000728,0.000800
,,,-0.000726,0.000800
,,,-0.000724,0.000800
,,,-0.000722,0.000800
,,,-0.000720,0.000800
,,,-0.000718,0.000800
,,,-0.000716,0.000800
,,,-0.000714,0.000800
,,,-0.000712,0.000800
,,,-0.000710,0.000800
,,,-0.000708,0.000000
,,,-0.000706,0.000800
,,,-0.000704,0.000800
,,,-0.000702,0.000800
,,,-0.000700,0.000800
,,,-0.000698,0.000800
,,,-0.000696,0.000800
,,,-0.000694,0.000800
,,,-0.000692,0.000000
,,,-0.000690,0.000800
,,,-0.000688,0.000000
,,,-0.000686,0.000800
,,,-0.000684,0.000800
,,,-0.000682,0.000800
,,,-0.000680,0.000800
,,,-0.000678,0.000800
,,,-0.000676,0.000800
,,,-0.000674,0.000800
,,,-0.000672,0.000800
,,,-0.000670,0.000800
,,,-0.000668,0.000800
,,,-0.000666,0.000800
,,,-0.000664,0.000800
,,,-0.000662,0.000800
,,,-0.000660,0.000800
,,,-0.000658,0.000800
,,,-0.000656,0.000800
,,,-0.000654,0.000800
,,,-0.000652,0.000800
,,,-0.000650,0.000800
,,,-0.000648,0.000800
,,,-0.000646,0.000800
,,,-0.000644,0.000800
,,,-0.000642,0.000800
,,,-0.000640,0.000800
,,,-0.000638,0.000800
,,,-0.000636,0.000800
,,,-0.000634,0.000800
,,,-0.000632,0.000800
,,,-0.000630,0.000800
,,,-0.000628,0.000800
,,,-0.000626,0.000800
,,,-0.000624,0.000800
,,,-0.000622,0.000800
,,,-0.000620,0.000800
,,,-0.000618,0.000800
,,,-0.000616,0.000800
,,,-0.000614,0.000800
,,,-0.000612,0.000800
,,,-0.000610,0.000800
,,,-0.000608,0.000800
,,,-0.000606,0.000800
,,,-0.000604,0.000800
,,,-0.000602,0.000800
,,,-0.000600,0.000800
,,,-0.000598,0.000800
,,,-0.000596,0.000800
,,,-0.000594,0.000800
,,,-0.000592,0.000800
,,,-0.000590,0.000800
,,,-0.000588,0.000800
,,,-0.000586,0.000800
,,,-0.000584,0.000800
,,,-0.000582,0.000800
,,,-0.000580,0.000800
,,,-0.000578,0.000800
,,,-0.000576,0.000800
,,,-0.000574,0.000800
,,,-0.000572,0.000800
,,,-0.000570,0.000800
,,,-0.000568,0.000800
,,,-0.000566,0.000800
,,,-0.000564,0.000800
,,,-0.000562,0.000800
,,,-0.000560,0.000800
,,,-0.000558,0.000800
,,,-0.000556,0.000800
,,,-0.000554,0.000800
,,,-0.000552,0.000800
,,,-0.000550,0.000800
,,,-0.000548,0.000800
,,,-0.000546,0.000800
,,,-0.000544,0.000800
,,,-0.000542,0.000800
,,,-0.000540,0.000800
,,,-0.000538,0.000800
,,,-0.000536,0.000800
,,,-0.000534,0.000800
,,,-0.000532,0.000800
,,,-0.000530,0.000800
,,,-0.000528,0.000800
,,,-0.000526,0.000800
,,,-0.000524,0.000800
,,,-0.000522,0.000800
,,,-0.000520,0.000800
,,,-0.000518,0.000800
,,,-0.000516,0.000800
,,,-0.000514,0.000800
,,,-0.000512,0.000800
,,,-0.000510,0.000800
,,,-0.000508,0.000800
,,,-0.000506,0.000800
,,,-0.000504,0.000800
,,,-0.000502,0.000800
,,,-0.000500,0.000800
,,,-0.000498,0.000800
,,,-0.000496,0.000800
,,,-0.000494,0.000800
,,,-0.000492,0.000800
,,,-0.000490,0.000800
,,,-0.000488,0.000800
,,,-0.000486,0.000800
,,,-0.000484,0.000800
,,,-0.000482,0.000800
,,,-0.000480,0.000800
,,,-0.000478,0.000800
,,,-0.000476,0.000800
,,,-0.000474,0.000800
,,,-0.000472,0.000800
,,,-0.000470,0.000800
,,,-0.000468,0.000800
,,,-0.000466,0.000800
,,,-0.000464,0.000800
,,,-0.000462,0.000800
,,,-0.000460,0.000800
,,,-0.000458,0.000800
,,,-0.000456,0.000800
,,,-0.000454,0.000800
,,,-0.000452,0.000800
,,,-0.000450,0.000800
,,,-0.000448,0.000800
,,,-0.000446,0.000800
,,,-0.000444,0.000800
,,,-0.000442,0.000800
,,,-0.000440,0.000800
,,,-0.000438,0.000800
,,,-0.000436,0.000800
,,,-0.000434,0.000800
,,,-0.000432,0.000800
,,,-0.000430,0.000800
,,,-0.000428,0.000800
,,,-0.000426,0.000800
,,,-0.000424,0.000800
,,,-0.000422,0.000800
,,,-0.000420,0.000800
,,,-0.000418,0.000800
,,,-0.000416,0.000800
,,,-0.000414,0.000800
,,,-0.000412,0.000800
,,,-0.000410,0.000800
,,,-0.000408,0.000800
,,,-0.000406,0.000800
,,,-0.000404,0.000800
,,,-0.000402,0.000800
,,,-0.000400,0.000800
,,,-0.000398,0.000800
,,,-0.000396,0.000800
,,,-0.000394,0.000800
,,,-0.000392,0.000800
,,,-0.000390,0.000800
,,,-0.000388,0.000800
,,,-0.000386,0.000800
,,,-0.000384,0.000800
,,,-0.000382,0.000800
,,,-0.000380,0.000800
,,,-0.000378,0.000800
,,,-0.000376,0.000800
,,,-0.000374,0.000800
,,,-0.000372,0.000800
,,,-0.000370,0.000800
,,,-0.000368,0.000000
,,,-0.000366,0.000800
,,,-0.000364,0.000800
,,,-0.000362,0.000800
,,,-0.000360,0.000800
,,,-0.000358,0.000800
,,,-0.000356,0.000800
,,,-0.000354,0.000800
,,,-0.000352,0.000800
,,,-0.000350,0.000800
,,,-0.000348,0.000800
,,,-0.000346,0.000800
,,,-0.000344,0.000800
,,,-0.000342,0.000800
,,,-0.000340,0.000800
,,,-0.000338,0.000800
,,,-0.000336,0.000800
,,,-0.000334,0.000800
,,,-0.000332,0.000800
,,,-0.000330,0.000800
,,,-0.000328,0.000800
,,,-0.000326,0.000800
,,,-0.000324,0.000800
,,,-0.000322,0.000800
,,,-0.000320,0.000800
,,,-0.000318,0.000000
,,,-0.000316,0.000000
,,,-0.000314,0.000800
,,,-0.000312,0.000800
,,,-0.000310,0.000800
,,,-0.000308,0.000800
,,,-0.000306,0.000800
,,,-0.000304,0.000800
,,,-0.000302,0.000800
,,,-0.000300,0.000800
,,,-0.000298,0.000800
,,,-0.000296,0.000800
,,,-0.000294,0.000800
,,,-0.000292,0.000800
,,,-0.000290,0.000800
,,,-0.000288,0.000800
,,,-0.000286,0.000800
,,,-0.000284,0.000800
,,,-0.000282,0.000800
,,,-0.000280,0.000800
,,,-0.000278,0.000800
,,,-0.000276,0.000800
,,,-0.000274,0.000800
,,,-0.000272,0.000800
,,,-0.000270,0.000800
,,,-0.000268,0.000800
,,,-0.000266,0.000000
,,,-0.000264,0.000800
,,,-0.000262,0.000000
,,,-0.000260,0.000800
,,,-0.000258,0.000800
,,,-0.000256,0.000800
,,,-0.000254,0.000000
,,,-0.000252,0.000800
,,,-0.000250,0.000800
,,,-0.000248,0.000000
,,,-0.000246,0.000800
,,,-0.000244,0.000800
,,,-0.000242,0.000800
,,,-0.000240,0.000000
,,,-0.000238,0.000000
,,,-0.000236,0.000800
,,,-0.000234,0.000000
,,,-0.000232,0.000000
,,,-0.000230,0.000000
,,,-0.000228,0.000000
,,,-0.000226,0.000000
,,,-0.000224,0.000000
,,,-0.000222,0.000800
,,,-0.000220,0.000000
,,,-0.000218,0.000000
,,,-0.000216,0.000000
,,,-0.000214,0.000000
,,,-0.000212,0.000000
,,,-0.000210,0.000000
,,,-0.000208,0.000000
,,,-0.000206,0.000000
,,,-0.000204,0.000000
,,,-0.000202,0.000000
,,,-0.000200,0.000000
,,,-0.000198,0.000000
,,,-0.000196,0.000000
,,,-0.000194,0.000000
,,,-0.000192,0.000000
,,,-0.000190,0.000800
,,,-0.000188,0.000800
,,,-0.000186,0.000000
,,,-0.000184,0.000000
,,,-0.000182,0.000000
,,,-0.000180,0.000000
,,,-0.000178,0.000000
,,,-0.000176,0.000000
,,,-0.000174,0.000000
,,,-0.000172,0.000000
,,,-0.000170,0.000000
,,,-0.000168,0.000800
,,,-0.000166,0.000000
,,,-0.000164,0.000000
,,,-0.000162,0.000000
,,,-0.000160,0.000000
,,,-0.000158,0.000000
,,,-0.000156,0.000800
,,,-0.000154,0.000800
,,,-0.000152,0.000000
,,,-0.000150,0.000000
,,,-0.000148,0.000800
,,,-0.000146,0.000000
,,,-0.000144,0.000000
,,,-0.000142,0.000000
,,,-0.000140,0.000000
,,,-0.000138,0.000000
,,,-0.000136,0.000800
,,,-0.000134,0.000000
,,,-0.000132,0.000000
,,,-0.000130,0.000000
,,,-0.000128,0.000000
,,,-0.000126,0.000000
,,,-0.000124,0.000000
,,,-0.000122,0.000000
,,,-0.000120,0.000000
,,,-0.000118,0.000000
,,,-0.000116,0.000000
,,,-0.000114,0.000000
,,,-0.000112,0.000000
,,,-0.000110,0.000000
,,,-0.000108,0.000000
,,,-0.000106,0.000800
,,,-0.000104,0.000000
,,,-0.000102,0.000000
,,,-0.000100,0.000000
,,,-0.000098,0.000000
,,,-0.000096,0.000000
,,,-0.000094,0.000000
,,,-0.000092,0.000000
,,,-0.000090,0.000000
,,,-0.000088,0.000000
,,,-0.000086,0.000000
,,,-0.000084,0.000000
,,,-0.000082,0.000000
,,,-0.000080,0.000000
,,,-0.000078,0.000000
,,,-0.000076,0.000000
,,,-0.000074,0.000800
,,,-0.000072,0.000000
,,,-0.000070,0.000000
,,,-0.000068,0.000000
,,,-0.000066,0.000000
,,,-0.000064,0.000000
,,,-0.000062,0.000000
,,,-0.000060,0.000000
,,,-0.000058,0.000000
,,,-0.000056,0.000000
,,,-0.000054,0.000000
,,,-0.000052,0.000000
,,,-0.000050,0.000000
,,,-0.000048,0.000000
,,,-0.000046,0.000000
,,,-0.000044,0.000000
,,,-0.000042,0.000000
,,,-0.000040,0.000000
,,,-0.000038,0.000000
,,,-0.000036,0.000000
,,,-0.000034,0.000000
,,,-0.000032,0.000000
,,,-0.000030,0.000000
,,,-0.000028,0.000000
,,,-0.000026,0.000000
,,,-0.000024,0.000000
,,,-0.000022,0.000000
,,,-0.000020,0.000000
,,,-0.000018,0.000000
,,,-0.000016,0.000000
,,,-0.000014,0.000800
,,,-0.000012,0.000000
,,,-0.000010,0.000000
,,,-0.000008,0.000000
,,,-0.000006,0.000000
,,,-0.000004,0.000000
,,,-0.000002,0.000000
,,,0.000000,0.000000
,,,0.000002,0.000000
,,,0.000004,0.000000
,,,0.000006,0.000800
,,,0.000008,0.001600
,,,0.000010,0.002400
,,,0.000012,0.003200
,,,0.000014,0.004800
,,,0.000016,0.005600
,,,0.000018,0.006400
,,,0.000020,0.008000
,,,0.000022,0.008800
,,,0.000024,0.009600
,,,0.000026,0.010400
,,,0.000028,0.012000
,,,0.000030,0.012000
,,,0.000032,0.013600
,,,0.000034,0.014400
,,,0.000036,0.015200
,,,0.000038,0.016000
,,,0.000040,0.017600
,,,0.000042,0.018400
,,,0.000044,0.019200
,,,0.000046,0.020000
,,,0.000048,0.020800
,,,0.000050,0.021600
,,,0.000052,0.023200
,,,0.000054,0.024000
,,,0.000056,0.024000
,,,0.000058,0.025600
,,,0.000060,0.026400
,,,0.000062,0.027200
,,,0.000064,0.028000
,,,0.000066,0.028800
,,,0.000068,0.029600
,,,0.000070,0.030400
,,,0.000072,0.031200
,,,0.000074,0.032000
,,,0.000076,0.032800
,,,0.000078,0.033600
,,,0.000080,0.034400
,,,0.000082,0.035200
,,,0.000084,0.036000
,,,0.000086,0.036800
,,,0.000088,0.037600
,,,0.000090,0.038400
,,,0.000092,0.038400
,,,0.000094,0.039200
,,,0.000096,0.040000
,,,0.000098,0.040800
,,,0.000100,0.041600
,,,0.000102,0.042400
,,,0.000104,0.043200
,,,0.000106,0.044000
,,,0.000108,0.044000
,,,0.000110,0.044800
,,,0.000112,0.045600
,,,0.000114,0.046400
,,,0.000116,0.047200
,,,0.000118,0.047200
,,,0.000120,0.048000
,,,0.000122,0.048800
,,,0.000124,0.049600
,,,0.000126,0.049600
,,,0.000128,0.050400
,,,0.000130,0.051200
,,,0.000132,0.052000
,,,0.000134,0.052000
,,,0.000136,0.052800
,,,0.000138,0.053600
,,,0.000140,0.053600
,,,0.000142,0.054400
,,,0.000144,0.055200
,,,0.000146,0.055200
,,,0.000148,0.056000
,,,0.000150,0.056800
,,,0.000152,0.056800
,,,0.000154,0.057600
,,,0.000156,0.057600
,,,0.000158,0.058400
,,,0.000160,0.058400
,,,0.000162,0.059200
,,,0.000164,0.059200
,,,0.000166,0.060000
,,,0.000168,0.060000
,,,0.000170,0.060800
,,,0.000172,0.060800
,,,0.000174,0.061600
,,,0.000176,0.061600
,,,0.000178,0.062400
,,,0.000180,0.062400
,,,0.000182,0.062400
,,,0.000184,0.063200
,,,0.000186,0.063200
,,,0.000188,0.063200
,,,0.000190,0.064000
,,,0.000192,0.064000
,,,0.000194,0.064000
,,,0.000196,0.064800
,,,0.000198,0.064800
,,,0.000200,0.065600
,,,0.000202,0.065600
,,,0.000204,0.065600
,,,0.000206,0.066400
,,,0.000208,0.066400
,,,0.000210,0.066400
,,,0.000212,0.067200
,,,0.000214,0.067200
,,,0.000216,0.067200
,,,0.000218,0.067200
,,,0.000220,0.068000
,,,0.000222,0.068000
,,,0.000224,0.068000
,,,0.000226,0.068000
,,,0.000228,0.068000
,,,0.000230,0.068800
,,,0.000232,0.068800
,,,0.000234,0.068800
,,,0.000236,0.068800
,,,0.000238,0.068800
,,,0.000240,0.068800
,,,0.000242,0.068800
,,,0.000244,0.068800
,,,0.000246,0.069600
,,,0.000248,0.068800
,,,0.000250,0.069600
,,,0.000252,0.069600
,,,0.000254,0.069600
,,,0.000256,0.069600
,,,0.000258,0.069600
,,,0.000260,0.069600
,,,0.000262,0.069600
,,,0.000264,0.069600
,,,0.000266,0.069600
,,,0.000268,0.069600
,,,0.000270,0.069600
,,,0.000272,0.069600
,,,0.000274,0.068800
,,,0.000276,0.069600
,,,0.000278,0.069600
,,,0.000280,0.069600
,,,0.000282,0.069600
,,,0.000284,0.068800
,,,0.000286,0.068800
,,,0.000288,0.068800
,,,0.000290,0.068800
,,,0.000292,0.068800
,,,0.000294,0.068800
,,,0.000296,0.068800
,,,0.000298,0.068800
,,,0.000300,0.068800
,,,0.000302,0.068000
,,,0.000304,0.068000
,,,0.000306,0.068000
,,,0.000308,0.067200
,,,0.000310,0.068000
,,,0.000312,0.067200
,,,0.000314,0.067200
,,,0.000316,0.067200
,,,0.000318,0.066400
,,,0.000320,0.066400
,,,0.000322,0.066400
,,,0.000324,0.066400
,,,0.000326,0.065600
,,,0.000328,0.065600
,,,0.000330,0.065600
,,,0.000332,0.064800
,,,0.000334,0.064800
,,,0.000336,0.064800
,,,0.000338,0.064800
,,,0.000340,0.064000
,,,0.000342,0.064000
,,,0.000344,0.063200
,,,0.000346,0.063200
,,,0.000348,0.063200
,,,0.000350,0.062400
,,,0.000352,0.062400
,,,0.000354,0.062400
,,,0.000356,0.061600
,,,0.000358,0.061600
,,,0.000360,0.061600
,,,0.000362,0.060800
,,,0.000364,0.060000
,,,0.000366,0.060000
,,,0.000368,0.060000
,,,0.000370,0.059200
,,,0.000372,0.059200
,,,0.000374,0.058400
,,,0.000376,0.058400
,,,0.000378,0.058400
,,,0.000380,0.057600
,,,0.000382,0.057600
,,,0.000384,0.056800
,,,0.000386,0.056800
,,,0.000388,0.056000
,,,0.000390,0.056000
,,,0.000392,0.055200
,,,0.000394,0.055200
,,,0.000396,0.054400
,,,0.000398,0.054400
,,,0.000400,0.053600
,,,0.000402,0.052800
,,,0.000404,0.052800
,,,0.000406,0.052800
,,,0.000408,0.052000
,,,0.000410,0.051200
,,,0.000412,0.051200
,,,0.000414,0.050400
,,,0.000416,0.050400
,,,0.000418,0.049600
,,,0.000420,0.048800
,,,0.000422,0.048800
,,,0.000424,0.048000
,,,0.000426,0.048000
,,,0.000428,0.047200
,,,0.000430,0.046400
,,,0.000432,0.046400
,,,0.000434,0.045600
,,,0.000436,0.044800
,,,0.000438,0.044800
,,,0.000440,0.044000
,,,0.000442,0.044000
,,,0.000444,0.043200
,,,0.000446,0.042400
,,,0.000448,0.042400
,,,0.000450,0.041600
,,,0.000452,0.040800
,,,0.000454,0.040800
,,,0.000456,0.040000
,,,0.000458,0.040000
,,,0.000460,0.039200
,,,0.000462,0.038400
,,,0.000464,0.038400
,,,0.000466,0.037600
,,,0.000468,0.037600
,,,0.000470,0.036800
,,,0.000472,0.036000
,,,0.000474,0.036000
,,,0.000476,0.035200
,,,0.000478,0.034400
,,,0.000480,0.034400
,,,0.000482,0.033600
,,,0.000484,0.032800
,,,0.000486,0.032800
,,,0.000488,0.032000
,,,0.000490,0.031200
,,,0.000492,0.030400
,,,0.000494,0.030400
,,,0.000496,0.029600
,,,0.000498,0.028800
,,,0.000500,0.028800
,,,0.000502,0.028000
,,,0.000504,0.028000
,,,0.000506,0.027200
,,,0.000508,0.026400
,,,0.000510,0.026400
,,,0.000512,0.025600
,,,0.000514,0.024800
,,,0.000516,0.024000
,,,0.000518,0.024000
,,,0.000520,0.023200
,,,0.000522,0.022400
,,,0.000524,0.021600
,,,0.000526,0.021600
,,,0.000528,0.020800
,,,0.000530,0.020800
,,,0.000532,0.020000
,,,0.000534,0.019200
,,,0.000536,0.019200
,,,0.000538,0.018400
,,,0.000540,0.017600
,,,0.000542,0.017600
,,,0.000544,0.016800
,,,0.000546,0.016000
,,,0.000548,0.016000
,,,0.000550,0.015200
,,,0.000552,0.014400
,,,0.000554,0.014400
,,,0.000556,0.013600
,,,0.000558,0.012800
,,,0.000560,0.012800
,,,0.000562,0.012000
,,,0.000564,0.011200
,,,0.000566,0.010400
,,,0.000568,0.010400
,,,0.000570,0.009600
,,,0.000572,0.009600
,,,0.000574,0.008800
,,,0.000576,0.008000
,,,0.000578,0.008000
,,,0.000580,0.007200
,,,0.000582,0.006400
,,,0.000584,0.006400
,,,0.000586,0.005600
,,,0.000588,0.005600
,,,0.000590,0.004800
,,,0.000592,0.004000
,,,0.000594,0.004000
,,,0.000596,0.003200
,,,0.000598,0.002400
,,,0.000600,0.002400
,,,0.000602,0.001600
,,,0.000604,0.000800
,,,0.000606,0.000800
,,,0.000608,0.000000
,,,0.000610,0.000000
,,,0.000612,-0.000800
,,,0.000614,-0.001600
,,,0.000616,-0.001600
,,,0.000618,-0.002400
,,,0.000620,-0.003200
,,,0.000622,-0.003200
,,,0.000624,-0.004000
,,,0.000626,-0.004000
,,,0.000628,-0.004800
,,,0.000630,-0.004800
,,,0.000632,-0.005600
,,,0.000634,-0.005600
,,,0.000636,-0.006400
,,,0.000638,-0.007200
,,,0.000640,-0.007200
,,,0.000642,-0.008000
,,,0.000644,-0.008000
,,,0.000646,-0.008800
,,,0.000648,-0.008800
,,,0.000650,-0.009600
,,,0.000652,-0.010400
,,,0.000654,-0.010400
,,,0.000656,-0.011200
,,,0.000658,-0.011200
,,,0.000660,-0.012000
,,,0.000662,-0.012000
,,,0.000664,-0.012000
,,,0.000666,-0.012800
,,,0.000668,-0.013600
,,,0.000670,-0.013600
,,,0.000672,-0.014400
,,,0.000674,-0.014400
,,,0.000676,-0.014400
,,,0.000678,-0.015200
,,,0.000680,-0.016000
,,,0.000682,-0.016000
,,,0.000684,-0.016000
,,,0.000686,-0.016800
,,,0.000688,-0.016800
,,,0.000690,-0.017600
,,,0.000692,-0.017600
,,,0.000694,-0.018400
,,,0.000696,-0.018400
,,,0.000698,-0.019200
,,,0.000700,-0.020000
,,,0.000702,-0.020000
,,,0.000704,-0.020000
,,,0.000706,-0.020000
,,,0.000708,-0.020800
,,,0.000710,-0.020800
,,,0.000712,-0.021600
,,,0.000714,-0.021600
,,,0.000716,-0.022400
,,,0.000718,-0.022400
,,,0.000720,-0.022400
,,,0.000722,-0.023200
,,,0.000724,-0.023200
,,,0.000726,-0.023200
,,,0.000728,-0.023200
,,,0.000730,-0.024000
,,,0.000732,-0.024800
,,,0.000734,-0.024800
,,,0.000736,-0.024800
,,,0.000738,-0.025600
,,,0.000740,-0.025600
,,,0.000742,-0.025600
,,,0.000744,-0.025600
,,,0.000746,-0.026400
,,,0.000748,-0.026400
,,,0.000750,-0.027200
,,,0.000752,-0.027200
,,,0.000754,-0.027200
,,,0.000756,-0.027200
,,,0.000758,-0.028000
,,,0.000760,-0.028000
,,,0.000762,-0.028000
,,,0.000764,-0.028000
,,,0.000766,-0.028800
,,,0.000768,-0.028800
,,,0.000770,-0.028800
,,,0.000772,-0.028800
,,,0.000774,-0.029600
,,,0.000776,-0.029600
,,,0.000778,-0.029600
,,,0.000780,-0.029600
,,,0.000782,-0.029600
,,,0.000784,-0.030400
,,,0.000786,-0.030400
,,,0.000788,-0.030400
,,,0.000790,-0.030400
,,,0.000792,-0.031200
,,,0.000794,-0.031200
,,,0.000796,-0.031200
,,,0.000798,-0.031200
,,,0.000800,-0.032000
,,,0.000802,-0.032000
,,,0.000804,-0.031200
,,,0.000806,-0.032000
,,,0.000808,-0.032000
,,,0.000810,-0.032000
,,,0.000812,-0.032000
,,,0.000814,-0.032800
,,,0.000816,-0.032800
,,,0.000818,-0.032800
,,,0.000820,-0.032800
,,,0.000822,-0.032800
,,,0.000824,-0.032800
,,,0.000826,-0.032800
,,,0.000828,-0.032800
,,,0.000830,-0.033600
,,,0.000832,-0.033600
,,,0.000834,-0.033600
,,,0.000836,-0.033600
,,,0.000838,-0.033600
,,,0.000840,-0.033600
,,,0.000842,-0.033600
,,,0.000844,-0.033600
,,,0.000846,-0.033600
,,,0.000848,-0.034400
,,,0.000850,-0.034400
,,,0.000852,-0.033600
,,,0.000854,-0.034400
,,,0.000856,-0.033600
,,,0.000858,-0.034400
,,,0.000860,-0.034400
,,,0.000862,-0.034400
,,,0.000864,-0.034400
,,,0.000866,-0.034400
,,,0.000868,-0.034400
,,,0.000870,-0.034400
,,,0.000872,-0.034400
,,,0.000874,-0.034400
,,,0.000876,-0.034400
,,,0.000878,-0.034400
,,,0.000880,-0.035200
,,,0.000882,-0.033600
,,,0.000884,-0.034400
,,,0.000886,-0.034400
,,,0.000888,-0.033600
,,,0.000890,-0.034400
,,,0.000892,-0.033600
,,,0.000894,-0.033600
,,,0.000896,-0.034400
,,,0.000898,-0.033600
,,,0.000900,-0.033600
,,,0.000902,-0.033600
,,,0.000904,-0.034400
,,,0.000906,-0.033600
,,,0.000908,-0.033600
,,,0.000910,-0.032800
,,,0.000912,-0.032800
,,,0.000914,-0.032800
,,,0.000916,-0.033600
,,,0.000918,-0.032800
,,,0.000920,-0.033600
,,,0.000922,-0.032800
,,,0.000924,-0.032800
,,,0.000926,-0.032800
,,,0.000928,-0.033600
,,,0.000930,-0.032800
,,,0.000932,-0.032800
,,,0.000934,-0.032000
,,,0.000936,-0.032000
,,,0.000938,-0.032000
,,,0.000940,-0.032000
,,,0.000942,-0.032000
,,,0.000944,-0.031200
,,,0.000946,-0.032000
,,,0.000948,-0.031200
,,,0.000950,-0.031200
,,,0.000952,-0.030400
,,,0.000954,-0.031200
,,,0.000956,-0.031200
,,,0.000958,-0.031200
,,,0.000960,-0.030400
,,,0.000962,-0.031200
,,,0.000964,-0.030400
,,,0.000966,-0.030400
,,,0.000968,-0.029600
,,,0.000970,-0.029600
,,,0.000972,-0.030400
,,,0.000974,-0.029600
,,,0.000976,-0.029600
,,,0.000978,-0.029600
,,,0.000980,-0.029600
,,,0.000982,-0.028000
,,,0.000984,-0.028800
,,,0.000986,-0.028000
,,,0.000988,-0.028800
,,,0.000990,-0.028000
,,,0.000992,-0.028000
,,,0.000994,-0.028000
,,,0.000996,-0.027200
,,,0.000998,-0.028000
,,,0.001000,-0.027200
,,,0.001002,-0.027200
,,,0.001004,-0.026400
,,,0.001006,-0.026400
,,,0.001008,-0.026400
,,,0.001010,-0.026400
,,,0.001012,-0.026400
,,,0.001014,-0.025600
,,,0.001016,-0.026400
,,,0.001018,-0.025600
,,,0.001020,-0.025600
,,,0.001022,-0.024800
,,,0.001024,-0.024800
,,,0.001026,-0.024000
,,,0.001028,-0.024000
,,,0.001030,-0.024000
,,,0.001032,-0.024000
,,,0.001034,-0.024000
,,,0.001036,-0.023200
,,,0.001038,-0.024000
,,,0.001040,-0.022400
,,,0.001042,-0.022400
,,,0.001044,-0.023200
,,,0.001046,-0.022400
,,,0.001048,-0.021600
,,,0.001050,-0.021600
,,,0.001052,-0.021600
,,,0.001054,-0.021600
,,,0.001056,-0.020800
,,,0.001058,-0.020000
,,,0.001060,-0.020800
,,,0.001062,-0.020800
,,,0.001064,-0.020000
,,,0.001066,-0.020000
,,,0.001068,-0.020000
,,,0.001070,-0.019200
,,,0.001072,-0.019200
,,,0.001074,-0.018400
,,,0.001076,-0.019200
,,,0.001078,-0.018400
,,,0.001080,-0.018400
,,,0.001082,-0.017600
,,,0.001084,-0.017600
,,,0.001086,-0.016800
,,,0.001088,-0.016800
,,,0.001090,-0.016800
,,,0.001092,-0.016800
,,,0.001094,-0.016000
,,,0.001096,-0.016000
,,,0.001098,-0.016000
,,,0.001100,-0.015200
,,,0.001102,-0.015200
,,,0.001104,-0.014400
,,,0.001106,-0.014400
,,,0.001108,-0.015200
,,,0.001110,-0.014400
,,,0.001112,-0.013600
,,,0.001114,-0.013600
,,,0.001116,-0.013600
,,,0.001118,-0.012800
,,,0.001120,-0.012800
,,,0.001122,-0.012800
,,,0.001124,-0.012000
,,,0.001126,-0.012000
,,,0.001128,-0.011200
,,,0.001130,-0.011200
,,,0.001132,-0.010400
,,,0.001134,-0.011200
,,,0.001136,-0.011200
,,,0.001138,-0.010400
,,,0.001140,-0.010400
,,,0.001142,-0.010400
,,,0.001144,-0.010400
,,,0.001146,-0.010400
,,,0.001148,-0.008800
,,,0.001150,-0.009600
,,,0.001152,-0.008800
,,,0.001154,-0.008800
,,,0.001156,-0.008000
,,,0.001158,-0.008000
,,,0.001160,-0.008000
,,,0.001162,-0.007200
,,,0.001164,-0.007200
,,,0.001166,-0.007200
,,,0.001168,-0.006400
,,,0.001170,-0.005600
,,,0.001172,-0.005600
,,,0.001174,-0.005600
,,,0.001176,-0.005600
,,,0.001178,-0.005600
,,,0.001180,-0.005600
,,,0.001182,-0.004800
,,,0.001184,-0.004000
,,,0.001186,-0.004000
,,,0.001188,-0.003200
,,,0.001190,-0.003200
,,,0.001192,-0.004000
,,,0.001194,-0.003200
,,,0.001196,-0.003200
,,,0.001198,-0.002400
,,,0.001200,-0.002400
,,,0.001202,-0.002400
,,,0.001204,-0.002400
,,,0.001206,-0.001600
,,,0.001208,-0.001600
,,,0.001210,-0.000800
,,,0.001212,-0.000800
,,,0.001214,-0.000800
,,,0.001216,-0.000800
,,,0.001218,0.000000
,,,0.001220,0.000000
,,,0.001222,0.000000
,,,0.001224,0.000000
,,,0.001226,0.000800
,,,0.001228,0.000800
,,,0.001230,0.000800
,,,0.001232,0.000800
,,,0.001234,0.001600
,,,0.001236,0.001600
,,,0.001238,0.002400
,,,0.001240,0.001600
,,,0.001242,0.002400
,,,0.001244,0.002400
,,,0.001246,0.002400
,,,0.001248,0.002400
,,,0.001250,0.003200
,,,0.001252,0.003200
,,,0.001254,0.003200
,,,0.001256,0.004000
,,,0.001258,0.004000
,,,0.001260,0.004000
,,,0.001262,0.004000
,,,0.001264,0.004800
,,,0.001266,0.004800
,,,0.001268,0.004800
,,,0.001270,0.005600
,,,0.001272,0.004800
,,,0.001274,0.005600
,,,0.001276,0.005600
,,,0.001278,0.005600
,,,0.001280,0.005600
,,,0.001282,0.006400
,,,0.001284,0.006400
,,,0.001286,0.007200
,,,0.001288,0.007200
,,,0.001290,0.007200
,,,0.001292,0.007200
,,,0.001294,0.006400
,,,0.001296,0.008000
,,,0.001298,0.008000
,,,0.001300,0.008000
,,,0.001302,0.008000
,,,0.001304,0.008800
,,,0.001306,0.008000
,,,0.001308,0.008800
,,,0.001310,0.008800
,,,0.001312,0.008800
,,,0.001314,0.008000
,,,0.001316,0.009600
,,,0.001318,0.009600
,,,0.001320,0.009600
,,,0.001322,0.009600
,,,0.001324,0.009600
,,,0.001326,0.010400
,,,0.001328,0.010400
,,,0.001330,0.010400
,,,0.001332,0.011200
,,,0.001334,0.011200
,,,0.001336,0.011200
,,,0.001338,0.011200
,,,0.001340,0.011200
,,,0.001342,0.011200
,,,0.001344,0.011200
,,,0.001346,0.011200
,,,0.001348,0.011200
,,,0.001350,0.011200
,,,0.001352,0.012000
,,,0.001354,0.011200
,,,0.001356,0.012000
,,,0.001358,0.012000
,,,0.001360,0.012000
,,,0.001362,0.012800
,,,0.001364,0.012800
,,,0.001366,0.012800
,,,0.001368,0.012800
,,,0.001370,0.012000
,,,0.001372,0.012800
,,,0.001374,0.012800
,,,0.001376,0.012800
,,,0.001378,0.013600
,,,0.001380,0.013600
,,,0.001382,0.013600
,,,0.001384,0.013600
,,,0.001386,0.013600
,,,0.001388,0.013600
,,,0.001390,0.013600
,,,0.001392,0.014400
,,,0.001394,0.013600
,,,0.001396,0.014400
,,,0.001398,0.013600
,,,0.001400,0.014400
,,,0.001402,0.014400
,,,0.001404,0.014400
,,,0.001406,0.014400
,,,0.001408,0.014400
,,,0.001410,0.014400
,,,0.001412,0.014400
,,,0.001414,0.014400
,,,0.001416,0.015200
,,,0.001418,0.014400
,,,0.001420,0.015200
,,,0.001422,0.014400
,,,0.001424,0.015200
,,,0.001426,0.015200
,,,0.001428,0.015200
,,,0.001430,0.015200
,,,0.001432,0.015200
,,,0.001434,0.016000
,,,0.001436,0.015200
,,,0.001438,0.015200
,,,0.001440,0.015200
,,,0.001442,0.015200
,,,0.001444,0.015200
,,,0.001446,0.015200
,,,0.001448,0.015200
,,,0.001450,0.015200
,,,0.001452,0.016000
,,,0.001454,0.015200
,,,0.001456,0.015200
,,,0.001458,0.015200
,,,0.001460,0.015200
,,,0.001462,0.015200
,,,0.001464,0.016000
,,,0.001466,0.015200
,,,0.001468,0.015200
,,,0.001470,0.016000
,,,0.001472,0.016000
,,,0.001474,0.015200
,,,0.001476,0.015200
,,,0.001478,0.015200
,,,0.001480,0.016000
,,,0.001482,0.015200
,,,0.001484,0.016000
,,,0.001486,0.016000
,,,0.001488,0.015200
,,,0.001490,0.016000
,,,0.001492,0.015200
,,,0.001494,0.016000
,,,0.001496,0.016000
,,,0.001498,0.015200
,,,0.001500,0.015200
,,,0.001502,0.015200
,,,0.001504,0.016000
,,,0.001506,0.014400
,,,0.001508,0.015200
,,,0.001510,0.015200
,,,0.001512,0.015200
,,,0.001514,0.015200
,,,0.001516,0.015200
,,,0.001518,0.015200
,,,0.001520,0.015200
,,,0.001522,0.015200
,,,0.001524,0.014400
,,,0.001526,0.015200
,,,0.001528,0.014400
,,,0.001530,0.015200
,,,0.001532,0.014400
,,,0.001534,0.014400
,,,0.001536,0.014400
,,,0.001538,0.015200
,,,0.001540,0.014400
,,,0.001542,0.014400
,,,0.001544,0.014400
,,,0.001546,0.014400
,,,0.001548,0.014400
,,,0.001550,0.014400
,,,0.001552,0.014400
,,,0.001554,0.014400
,,,0.001556,0.014400
,,,0.001558,0.013600
,,,0.001560,0.014400
,,,0.001562,0.013600
,,,0.001564,0.014400
,,,0.001566,0.013600
,,,0.001568,0.013600
,,,0.001570,0.013600
,,,0.001572,0.013600
,,,0.001574,0.013600
,,,0.001576,0.012800
,,,0.001578,0.013600
,,,0.001580,0.012800
,,,0.001582,0.012800
,,,0.001584,0.012800
,,,0.001586,0.013600
,,,0.001588,0.012800
,,,0.001590,0.012800
,,,0.001592,0.012800
,,,0.001594,0.012000
,,,0.001596,0.012800
,,,0.001598,0.012800
,,,0.001600,0.012000
,,,0.001602,0.012000
,,,0.001604,0.012800
,,,0.001606,0.012000
,,,0.001608,0.011200
,,,0.001610,0.012000
,,,0.001612,0.012000
,,,0.001614,0.011200
,,,0.001616,0.011200
,,,0.001618,0.011200
,,,0.001620,0.011200
,,,0.001622,0.011200
,,,0.001624,0.011200
,,,0.001626,0.011200
,,,0.001628,0.011200
,,,0.001630,0.010400
,,,0.001632,0.010400
,,,0.001634,0.010400
,,,0.001636,0.010400
,,,0.001638,0.011200
,,,0.001640,0.010400
,,,0.001642,0.010400
,,,0.001644,0.009600
,,,0.001646,0.010400
,,,0.001648,0.009600
,,,0.001650,0.009600
,,,0.001652,0.009600
,,,0.001654,0.009600
,,,0.001656,0.009600
,,,0.001658,0.009600
,,,0.001660,0.009600
,,,0.001662,0.008800
,,,0.001664,0.008800
,,,0.001666,0.008800
,,,0.001668,0.008800
,,,0.001670,0.008800
,,,0.001672,0.008800
,,,0.001674,0.008000
,,,0.001676,0.008800
,,,0.001678,0.008000
,,,0.001680,0.008000
,,,0.001682,0.007200
,,,0.001684,0.008000
,,,0.001686,0.008000
,,,0.001688,0.007200
,,,0.001690,0.007200
,,,0.001692,0.007200
,,,0.001694,0.007200
,,,0.001696,0.007200
,,,0.001698,0.007200
,,,0.001700,0.006400
,,,0.001702,0.006400
,,,0.001704,0.006400
,,,0.001706,0.006400
,,,0.001708,0.006400
,,,0.001710,0.006400
,,,0.001712,0.005600
,,,0.001714,0.005600
,,,0.001716,0.005600
,,,0.001718,0.005600
,,,0.001720,0.005600
,,,0.001722,0.005600
,,,0.001724,0.004800
,,,0.001726,0.004800
,,,0.001728,0.004800
,,,0.001730,0.004800
,,,0.001732,0.004800
,,,0.001734,0.004800
,,,0.001736,0.004800
,,,0.001738,0.004800
,,,0.001740,0.004800
,,,0.001742,0.004000
,,,0.001744,0.004000
,,,0.001746,0.004000
,,,0.001748,0.004000
,,,0.001750,0.003200
,,,0.001752,0.004000
,,,0.001754,0.004000
,,,0.001756,0.003200
,,,0.001758,0.003200
,,,0.001760,0.003200
,,,0.001762,0.003200
,,,0.001764,0.002400
,,,0.001766,0.002400
,,,0.001768,0.002400
,,,0.001770,0.001600
,,,0.001772,0.002400
,,,0.001774,0.002400
,,,0.001776,0.002400
,,,0.001778,0.001600
,,,0.001780,0.001600
,,,0.001782,0.001600
,,,0.001784,0.001600
,,,0.001786,0.001600
,,,0.001788,0.001600
,,,0.001790,0.001600
,,,0.001792,0.000800
,,,0.001794,0.000800
,,,0.001796,0.000800
,,,0.001798,0.000800
,,,0.001800,0.000000
,,,0.001802,0.000800
,,,0.001804,0.000800
,,,0.001806,0.000000
,,,0.001808,0.000000
,,,0.001810,0.000000
,,,0.001812,0.000000
,,,0.001814,0.000000
,,,0.001816,0.000000
,,,0.001818,-0.000800
,,,0.001820,0.000000
,,,0.001822,-0.000800
,,,0.001824,-0.000800
,,,0.001826,-0.000800
,,,0.001828,-0.000800
,,,0.001830,-0.000800
,,,0.001832,-0.001600
,,,0.001834,-0.000800
,,,0.001836,-0.001600
,,,0.001838,-0.001600
,,,0.001840,-0.001600
,,,0.001842,-0.001600
,,,0.001844,-0.001600
,,,0.001846,-0.002400
,,,0.001848,-0.001600
,,,0.001850,-0.002400
,,,0.001852,-0.002400
,,,0.001854,-0.002400
,,,0.001856,-0.002400
,,,0.001858,-0.002400
,,,0.001860,-0.003200
,,,0.001862,-0.002400
,,,0.001864,-0.003200
,,,0.001866,-0.003200
,,,0.001868,-0.003200
,,,0.001870,-0.003200
,,,0.001872,-0.003200
,,,0.001874,-0.003200
,,,0.001876,-0.003200
,,,0.001878,-0.003200
,,,0.001880,-0.004000
,,,0.001882,-0.004000
,,,0.001884,-0.004000
,,,0.001886,-0.004000
,,,0.001888,-0.004000
,,,0.001890,-0.004000
,,,0.001892,-0.004000
,,,0.001894,-0.004800
,,,0.001896,-0.004800
,,,0.001898,-0.004800
,,,0.001900,-0.004800
,,,0.001902,-0.004800
,,,0.001904,-0.004800
,,,0.001906,-0.004800
,,,0.001908,-0.004800
,,,0.001910,-0.004800
,,,0.001912,-0.004800
,,,0.001914,-0.004800
,,,0.001916,-0.005600
,,,0.001918,-0.004800
,,,0.001920,-0.005600
,,,0.001922,-0.005600
,,,0.001924,-0.004800
,,,0.001926,-0.005600
,,,0.001928,-0.005600
,,,0.001930,-0.005600
,,,0.001932,-0.005600
,,,0.001934,-0.006400
,,,0.001936,-0.005600
,,,0.001938,-0.006400
,,,0.001940,-0.006400
,,,0.001942,-0.006400
,,,0.001944,-0.006400
,,,0.001946,-0.006400
,,,0.001948,-0.006400
,,,0.001950,-0.006400
,,,0.001952,-0.006400
,,,0.001954,-0.006400
,,,0.001956,-0.006400
,,,0.001958,-0.007200
,,,0.001960,-0.007200
,,,0.001962,-0.006400
,,,0.001964,-0.007200
,,,0.001966,-0.006400
,,,0.001968,-0.007200
,,,0.001970,-0.007200
,,,0.001972,-0.007200
,,,0.001974,-0.007200
,,,0.001976,-0.007200
,,,0.001978,-0.007200
,,,0.001980,-0.007200
,,,0.001982,-0.007200
,,,0.001984,-0.007200
,,,0.001986,-0.007200
,,,0.001988,-0.007200
,,,0.001990,-0.007200
,,,0.001992,-0.007200
,,,0.001994,-0.007200
,,,0.001996,-0.008000
,,,0.001998,-0.007200
,,,0.002000,-0.007200
,,,0.002002,-0.008000
,,,0.002004,-0.008000
,,,0.002006,-0.008000
,,,0.002008,-0.008000
,,,0.002010,-0.008000
,,,0.002012,-0.008000
,,,0.002014,-0.008000
,,,0.002016,-0.008000
,,,0.002018,-0.008000
,,,0.002020,-0.008000
,,,0.002022,-0.008000
,,,0.002024,-0.008000
,,,0.002026,-0.008000
,,,0.002028,-0.008000
,,,0.002030,-0.008000
,,,0.002032,-0.008000
,,,0.002034,-0.008000
,,,0.002036,-0.008000
,,,0.002038,-0.008000
,,,0.002040,-0.008000
,,,0.002042,-0.008000
,,,0.002044,-0.008800
,,,0.002046,-0.008000
,,,0.002048,-0.008000
,,,0.002050,-0.008800
,,,0.002052,-0.008000
,,,0.002054,-0.008000
,,,0.002056,-0.008800
,,,0.002058,-0.008000
,,,0.002060,-0.008000
,,,0.002062,-0.008000
,,,0.002064,-0.008800
,,,0.002066,-0.008000
,,,0.002068,-0.008800
,,,0.002070,-0.008800
,,,0.002072,-0.008800
,,,0.002074,-0.008800
,,,0.002076,-0.008800
,,,0.002078,-0.008800
,,,0.002080,-0.008800
,,,0.002082,-0.008000
,,,0.002084,-0.008800
,,,0.002086,-0.008800
,,,0.002088,-0.008800
,,,0.002090,-0.008800
,,,0.002092,-0.008000
,,,0.002094,-0.008000
,,,0.002096,-0.008800
,,,0.002098,-0.008000
,,,0.002100,-0.008800
,,,0.002102,-0.008000
,,,0.002104,-0.008800
,,,0.002106,-0.008000
,,,0.002108,-0.008000
,,,0.002110,-0.008000
,,,0.002112,-0.008800
,,,0.002114,-0.008800
,,,0.002116,-0.008000
,,,0.002118,-0.008000
,,,0.002120,-0.008000
,,,0.002122,-0.008000
,,,0.002124,-0.008000
,,,0.002126,-0.008000
,,,0.002128,-0.008000
,,,0.002130,-0.008000
,,,0.002132,-0.008000
,,,0.002134,-0.008000
,,,0.002136,-0.008000
,,,0.002138,-0.008000
,,,0.002140,-0.008000
,,,0.002142,-0.008000
,,,0.002144,-0.008000
,,,0.002146,-0.008000
,,,0.002148,-0.008000
,,,0.002150,-0.008000
,,,0.002152,-0.008000
,,,0.002154,-0.008000
,,,0.002156,-0.008000
,,,0.002158,-0.008000
,,,0.002160,-0.007200
,,,0.002162,-0.007200
,,,0.002164,-0.007200
,,,0.002166,-0.007200
,,,0.002168,-0.008000
,,,0.002170,-0.007200
,,,0.002172,-0.007200
,,,0.002174,-0.007200
,,,0.002176,-0.007200
,,,0.002178,-0.007200
,,,0.002180,-0.007200
,,,0.002182,-0.008000
,,,0.002184,-0.007200
,,,0.002186,-0.007200
,,,0.002188,-0.007200
,,,0.002190,-0.007200
,,,0.002192,-0.006400
,,,0.002194,-0.007200
,,,0.002196,-0.007200
,,,0.002198,-0.006400
,,,0.002200,-0.006400
,,,0.002202,-0.007200
,,,0.002204,-0.007200
,,,0.002206,-0.006400
,,,0.002208,-0.006400
,,,0.002210,-0.006400
,,,0.002212,-0.006400
,,,0.002214,-0.006400
,,,0.002216,-0.006400
,,,0.002218,-0.006400
,,,0.002220,-0.006400
,,,0.002222,-0.006400
,,,0.002224,-0.006400
,,,0.002226,-0.005600
,,,0.002228,-0.006400
,,,0.002230,-0.006400
,,,0.002232,-0.005600
,,,0.002234,-0.006400
,,,0.002236,-0.005600
,,,0.002238,-0.006400
,,,0.002240,-0.006400
,,,0.002242,-0.005600
,,,0.002244,-0.005600
,,,0.002246,-0.005600
,,,0.002248,-0.005600
,,,0.002250,-0.005600
,,,0.002252,-0.004800
,,,0.002254,-0.005600
,,,0.002256,-0.005600
,,,0.002258,-0.005600
,,,0.002260,-0.005600
,,,0.002262,-0.005600
,,,0.002264,-0.005600
,,,0.002266,-0.005600
,,,0.002268,-0.004800
,,,0.002270,-0.004800
,,,0.002272,-0.004800
,,,0.002274,-0.004800
,,,0.002276,-0.004800
,,,0.002278,-0.004800
,,,0.002280,-0.004800
,,,0.002282,-0.004800
,,,0.002284,-0.004800
,,,0.002286,-0.004800
,,,0.002288,-0.004000
,,,0.002290,-0.004800
,,,0.002292,-0.004000
,,,0.002294,-0.004800
,,,0.002296,-0.004000
,,,0.002298,-0.004000
,,,0.002300,-0.004800
,,,0.002302,-0.004000
,,,0.002304,-0.004000
,,,0.002306,-0.004000
,,,0.002308,-0.003200
,,,0.002310,-0.004000
,,,0.002312,-0.004000
,,,0.002314,-0.003200
,,,0.002316,-0.004000
,,,0.002318,-0.003200
,,,0.002320,-0.003200
,,,0.002322,-0.003200
,,,0.002324,-0.003200
,,,0.002326,-0.003200
,,,0.002328,-0.003200
,,,0.002330,-0.003200
,,,0.002332,-0.003200
,,,0.002334,-0.003200
,,,0.002336,-0.003200
,,,0.002338,-0.003200
,,,0.002340,-0.002400
,,,0.002342,-0.002400
,,,0.002344,-0.003200
,,,0.002346,-0.002400
,,,0.002348,-0.002400
,,,0.002350,-0.002400
,,,0.002352,-0.002400
,,,0.002354,-0.002400
,,,0.002356,-0.002400
,,,0.002358,-0.001600
,,,0.002360,-0.002400
,,,0.002362,-0.001600
,,,0.002364,-0.001600
,,,0.002366,-0.002400
,,,0.002368,-0.002400
,,,0.002370,-0.002400
,,,0.002372,-0.002400
,,,0.002374,-0.002400
,,,0.002376,-0.001600
,,,0.002378,-0.001600
,,,0.002380,-0.000800
,,,0.002382,-0.001600
,,,0.002384,-0.001600
,,,0.002386,-0.001600
,,,0.002388,-0.000800
,,,0.002390,-0.001600
,,,0.002392,-0.000800
,,,0.002394,-0.000800
,,,0.002396,-0.000800
,,,0.002398,-0.000800
,,,0.002400,-0.000800
,,,0.002402,-0.000800
,,,0.002404,-0.000800
,,,0.002406,-0.000800
,,,0.002408,0.000000
,,,0.002410,-0.000800
,,,0.002412,-0.000800
,,,0.002414,-0.000800
,,,0.002416,-0.000800
,,,0.002418,-0.000800
,,,0.002420,-0.000800
,,,0.002422,0.000000
,,,0.002424,0.000000
,,,0.002426,-0.000800
,,,0.002428,0.000000
,,,0.002430,0.000000
,,,0.002432,0.000000
,,,0.002434,0.000000
,,,0.002436,0.000000
,,,0.002438,0.000000
,,,0.002440,0.000800
,,,0.002442,0.000800
,,,0.002444,0.000000
,,,0.002446,0.000000
,,,0.002448,0.000000
,,,0.002450,0.000800
,,,0.002452,0.000000
,,,0.002454,0.000000
,,,0.002456,0.000000
,,,0.002458,0.000800
,,,0.002460,0.000800
,,,0.002462,0.000800
,,,0.002464,0.000800
,,,0.002466,0.000800
,,,0.002468,0.000800
,,,0.002470,0.000800
,,,0.002472,0.000800
,,,0.002474,0.000800
,,,0.002476,0.000800
,,,0.002478,0.000800
,,,0.002480,0.000800
,,,0.002482,0.000800
,,,0.002484,0.000800
,,,0.002486,0.001600
,,,0.002488,0.001600
,,,0.002490,0.001600
,,,0.002492,0.000800
,,,0.002494,0.001600
,,,0.002496,0.001600
,,,0.002498,0.001600
,,,0.002500,0.001600
,,,0.002502,0.001600
,,,0.002504,0.001600
,,,0.002506,0.001600
,,,0.002508,0.000800
,,,0.002510,0.001600
,,,0.002512,0.001600
,,,0.002514,0.001600
,,,0.002516,0.001600
,,,0.002518,0.001600
,,,0.002520,0.001600
,,,0.002522,0.001600
,,,0.002524,0.001600
,,,0.002526,0.001600
,,,0.002528,0.001600
,,,0.002530,0.001600
,,,0.002532,0.001600
,,,0.002534,0.002400
,,,0.002536,0.002400
,,,0.002538,0.002400
,,,0.002540,0.002400
,,,0.002542,0.001600
,,,0.002544,0.002400
,,,0.002546,0.002400
,,,0.002548,0.002400
,,,0.002550,0.002400
,,,0.002552,0.002400
,,,0.002554,0.002400
,,,0.002556,0.002400
,,,0.002558,0.002400
,,,0.002560,0.002400
,,,0.002562,0.002400
,,,0.002564,0.002400
,,,0.002566,0.002400
,,,0.002568,0.002400
,,,0.002570,0.002400
,,,0.002572,0.002400
,,,0.002574,0.002400
,,,0.002576,0.002400
,,,0.002578,0.002400
,,,0.002580,0.002400
,,,0.002582,0.002400
,,,0.002584,0.002400
,,,0.002586,0.002400
,,,0.002588,0.002400
,,,0.002590,0.002400
,,,0.002592,0.002400
,,,0.002594,0.002400
,,,0.002596,0.002400
,,,0.002598,0.003200
,,,0.002600,0.003200
,,,0.002602,0.002400
,,,0.002604,0.003200
,,,0.002606,0.003200
,,,0.002608,0.003200
,,,0.002610,0.003200
,,,0.002612,0.002400
,,,0.002614,0.002400
,,,0.002616,0.003200
,,,0.002618,0.002400
,,,0.002620,0.003200
,,,0.002622,0.003200
,,,0.002624,0.002400
,,,0.002626,0.002400
,,,0.002628,0.003200
,,,0.002630,0.003200
,,,0.002632,0.003200
,,,0.002634,0.003200
,,,0.002636,0.003200
,,,0.002638,0.003200
,,,0.002640,0.003200
,,,0.002642,0.003200
,,,0.002644,0.003200
,,,0.002646,0.003200
,,,0.002648,0.004000
,,,0.002650,0.003200
,,,0.002652,0.003200
,,,0.002654,0.003200
,,,0.002656,0.003200
,,,0.002658,0.003200
,,,0.002660,0.003200
,,,0.002662,0.002400
,,,0.002664,0.003200
,,,0.002666,0.003200
,,,0.002668,0.003200
,,,0.002670,0.003200
,,,0.002672,0.003200
,,,0.002674,0.003200
,,,0.002676,0.003200
,,,0.002678,0.003200
,,,0.002680,0.003200
,,,0.002682,0.003200
,,,0.002684,0.003200
,,,0.002686,0.003200
,,,0.002688,0.002400
,,,0.002690,0.003200
,,,0.002692,0.003200
,,,0.002694,0.003200
,,,0.002696,0.003200
,,,0.002698,0.003200
,,,0.002700,0.003200
,,,0.002702,0.003200
,,,0.002704,0.003200
,,,0.002706,0.003200
,,,0.002708,0.003200
,,,0.002710,0.003200
,,,0.002712,0.003200
,,,0.002714,0.003200
,,,0.002716,0.003200
,,,0.002718,0.003200
,,,0.002720,0.003200
,,,0.002722,0.002400
,,,0.002724,0.003200
,,,0.002726,0.003200
,,,0.002728,0.003200
,,,0.002730,0.003200
,,,0.002732,0.003200
,,,0.002734,0.002400
,,,0.002736,0.003200
,,,0.002738,0.003200
,,,0.002740,0.003200
,,,0.002742,0.002400
,,,0.002744,0.003200
,,,0.002746,0.003200
,,,0.002748,0.002400
,,,0.002750,0.003200
,,,0.002752,0.002400
,,,0.002754,0.002400
,,,0.002756,0.002400
,,,0.002758,0.003200
,,,0.002760,0.002400
,,,0.002762,0.003200
,,,0.002764,0.002400
,,,0.002766,0.002400
,,,0.002768,0.002400
,,,0.002770,0.002400
,,,0.002772,0.002400
,,,0.002774,0.002400
,,,0.002776,0.002400
,,,0.002778,0.002400
,,,0.002780,0.002400
,,,0.002782,0.003200
,,,0.002784,0.002400
,,,0.002786,0.003200
,,,0.002788,0.002400
,,,0.002790,0.002400
,,,0.002792,0.002400
,,,0.002794,0.002400
,,,0.002796,0.002400
,,,0.002798,0.002400
,,,0.002800,0.002400
,,,0.002802,0.002400
,,,0.002804,0.002400
,,,0.002806,0.001600
,,,0.002808,0.002400
,,,0.002810,0.002400
,,,0.002812,0.002400
,,,0.002814,0.001600
,,,0.002816,0.002400
,,,0.002818,0.001600
,,,0.002820,0.001600
,,,0.002822,0.002400
,,,0.002824,0.002400
,,,0.002826,0.002400
,,,0.002828,0.001600
,,,0.002830,0.002400
,,,0.002832,0.001600
,,,0.002834,0.002400
,,,0.002836,0.001600
,,,0.002838,0.001600
,,,0.002840,0.001600
,,,0.002842,0.001600
,,,0.002844,0.001600
,,,0.002846,0.001600
,,,0.002848,0.001600
,,,0.002850,0.001600
,,,0.002852,0.001600
,,,0.002854,0.001600
,,,0.002856,0.001600
,,,0.002858,0.001600
,,,0.002860,0.001600
,,,0.002862,0.001600
,,,0.002864,0.001600
,,,0.002866,0.001600
,,,0.002868,0.001600
,,,0.002870,0.001600
,,,0.002872,0.001600
,,,0.002874,0.001600
,,,0.002876,0.001600
,,,0.002878,0.001600
,,,0.002880,0.001600
,,,0.002882,0.001600
,,,0.002884,0.001600
,,,0.002886,0.000800
,,,0.002888,0.000800
,,,0.002890,0.001600
,,,0.002892,0.000800
,,,0.002894,0.001600
,,,0.002896,0.000800
,,,0.002898,0.000800
,,,0.002900,0.000800
,,,0.002902,0.000800
,,,0.002904,0.001600
,,,0.002906,0.000800
,,,0.002908,0.000800
,,,0.002910,0.000800
,,,0.002912,0.001600
,,,0.002914,0.000800
,,,0.002916,0.000800
,,,0.002918,0.000800
,,,0.002920,0.000800
,,,0.002922,0.001600
,,,0.002924,0.000800
,,,0.002926,0.000800
,,,0.002928,0.000800
,,,0.002930,0.000800
,,,0.002932,0.000800
,,,0.002934,0.000800
,,,0.002936,0.000800
,,,0.002938,0.000800
,,,0.002940,0.000800
,,,0.002942,0.000000
,,,0.002944,0.000800
,,,0.002946,0.000000
,,,0.002948,0.000000
,,,0.002950,0.000800
,,,0.002952,0.000000
,,,0.002954,0.000800
,,,0.002956,0.000000
,,,0.002958,0.000000
,,,0.002960,0.000000
,,,0.002962,0.000800
,,,0.002964,0.000000
,,,0.002966,0.000000
,,,0.002968,0.000000
,,,0.002970,0.000000
,,,0.002972,0.000000
,,,0.002974,0.000000
,,,0.002976,0.000000
,,,0.002978,0.000000
,,,0.002980,0.000000
,,,0.002982,0.000000
,,,0.002984,0.000000
,,,0.002986,0.000800
,,,0.002988,-0.000800
,,,0.002990,0.000000
,,,0.002992,0.000000
,,,0.002994,-0.000800
,,,0.002996,0.000000
,,,0.002998,0.000000
,,,0.003000,0.000000
,,,0.003002,0.000000
,,,0.003004,0.000000
,,,0.003006,-0.000800
,,,0.003008,0.000000
,,,0.003010,-0.000800
,,,0.003012,-0.000800
,,,0.003014,-0.000800
,,,0.003016,-0.000800
,,,0.003018,0.000000
,,,0.003020,0.000000
,,,0.003022,-0.000800
,,,0.003024,0.000000
,,,0.003026,-0.000800
,,,0.003028,-0.000800
,,,0.003030,-0.000800
,,,0.003032,-0.000800
,,,0.003034,-0.000800
,,,0.003036,-0.000800
,,,0.003038,-0.000800
,,,0.003040,-0.000800
,,,0.003042,-0.000800
,,,0.003044,-0.000800
,,,0.003046,-0.001600
,,,0.003048,-0.000800
,,,0.003050,-0.001600
,,,0.003052,-0.000800
,,,0.003054,-0.000800
,,,0.003056,-0.000800
,,,0.003058,-0.001600
,,,0.003060,-0.000800
,,,0.003062,-0.001600
,,,0.003064,-0.000800
,,,0.003066,-0.000800
,,,0.003068,-0.001600
,,,0.003070,-0.001600
,,,0.003072,-0.001600
,,,0.003074,-0.001600
,,,0.003076,-0.000800
,,,0.003078,-0.001600
,,,0.003080,-0.001600
,,,0.003082,-0.001600
,,,0.003084,-0.000800
,,,0.003086,-0.001600
,,,0.003088,-0.001600
,,,0.003090,-0.001600
,,,0.003092,-0.001600
,,,0.003094,-0.000800
,,,0.003096,-0.001600
,,,0.003098,-0.001600
,,,0.003100,-0.001600
,,,0.003102,-0.001600
,,,0.003104,-0.001600
,,,0.003106,-0.001600
,,,0.003108,-0.001600
,,,0.003110,-0.000800
,,,0.003112,-0.001600
,,,0.003114,-0.001600
,,,0.003116,-0.001600
,,,0.003118,-0.001600
,,,0.003120,-0.000800
,,,0.003122,-0.001600
,,,0.003124,-0.002400
,,,0.003126,-0.001600
,,,0.003128,-0.001600
,,,0.003130,-0.001600
,,,0.003132,-0.001600
,,,0.003134,-0.001600
,,,0.003136,-0.002400
,,,0.003138,-0.002400
,,,0.003140,-0.002400
,,,0.003142,-0.001600
,,,0.003144,-0.002400
,,,0.003146,-0.001600
,,,0.003148,-0.002400
,,,0.003150,-0.002400
,,,0.003152,-0.001600
,,,0.003154,-0.002400
,,,0.003156,-0.001600
,,,0.003158,-0.001600
,,,0.003160,-0.002400
,,,0.003162,-0.002400
,,,0.003164,-0.002400
,,,0.003166,-0.002400
,,,0.003168,-0.002400
,,,0.003170,-0.001600
,,,0.003172,-0.002400
,,,0.003174,-0.002400
,,,0.003176,-0.002400
,,,0.003178,-0.002400
,,,0.003180,-0.002400
,,,0.003182,-0.001600
,,,0.003184,-0.002400
,,,0.003186,-0.002400
,,,0.003188,-0.002400
,,,0.003190,-0.001600
,,,0.003192,-0.002400
,,,0.003194,-0.001600
,,,0.003196,-0.002400
,,,0.003198,-0.002400
,,,0.003200,-0.001600
,,,0.003202,-0.002400
,,,0.003204,-0.002400
,,,0.003206,-0.002400
,,,0.003208,-0.002400
,,,0.003210,-0.001600
,,,0.003212,-0.002400
,,,0.003214,-0.002400
,,,0.003216,-0.001600
,,,0.003218,-0.002400
,,,0.003220,-0.001600
,,,0.003222,-0.002400
,,,0.003224,-0.002400
,,,0.003226,-0.002400
,,,0.003228,-0.002400
,,,0.003230,-0.002400
,,,0.003232,-0.002400
,,,0.003234,-0.001600
,,,0.003236,-0.002400
,,,0.003238,-0.002400
,,,0.003240,-0.001600
,,,0.003242,-0.002400
,,,0.003244,-0.002400
,,,0.003246,-0.002400
,,,0.003248,-0.001600
,,,0.003250,-0.003200
,,,0.003252,-0.002400
,,,0.003254,-0.001600
,,,0.003256,-0.002400
,,,0.003258,-0.002400
,,,0.003260,-0.002400
,,,0.003262,-0.001600
,,,0.003264,-0.002400
,,,0.003266,-0.001600
,,,0.003268,-0.002400
,,,0.003270,-0.002400
,,,0.003272,-0.002400
,,,0.003274,-0.001600
,,,0.003276,-0.002400
,,,0.003278,-0.002400
,,,0.003280,-0.002400
,,,0.003282,-0.002400
,,,0.003284,-0.002400
,,,0.003286,-0.002400
,,,0.003288,-0.002400
,,,0.003290,-0.002400
,,,0.003292,-0.002400
,,,0.003294,-0.002400
,,,0.003296,-0.002400
,,,0.003298,-0.002400
,,,0.003300,-0.002400
,,,0.003302,-0.002400
,,,0.003304,-0.002400
,,,0.003306,-0.002400
,,,0.003308,-0.002400
,,,0.003310,-0.002400
,,,0.003312,-0.001600
,,,0.003314,-0.003200
,,,0.003316,-0.002400
,,,0.003318,-0.003200
,,,0.003320,-0.002400
,,,0.003322,-0.001600
,,,0.003324,-0.002400
,,,0.003326,-0.002400
,,,0.003328,-0.002400
,,,0.003330,-0.002400
,,,0.003332,-0.002400
,,,0.003334,-0.001600
,,,0.003336,-0.001600
,,,0.003338,-0.002400
,,,0.003340,-0.002400
,,,0.003342,-0.001600
,,,0.003344,-0.002400
,,,0.003346,-0.002400
,,,0.003348,-0.002400
,,,0.003350,-0.002400
,,,0.003352,-0.002400
,,,0.003354,-0.002400
,,,0.003356,-0.002400
,,,0.003358,-0.002400
,,,0.003360,-0.002400
,,,0.003362,-0.002400
,,,0.003364,-0.002400
,,,0.003366,-0.001600
,,,0.003368,-0.001600
,,,0.003370,-0.001600
,,,0.003372,-0.002400
,,,0.003374,-0.002400
,,,0.003376,-0.001600
,,,0.003378,-0.001600
,,,0.003380,-0.002400
,,,0.003382,-0.002400
,,,0.003384,-0.003200
,,,0.003386,-0.002400
,,,0.003388,-0.002400
,,,0.003390,-0.001600
,,,0.003392,-0.002400
,,,0.003394,-0.002400
,,,0.003396,-0.001600
,,,0.003398,-0.001600
,,,0.003400,-0.002400
,,,0.003402,-0.002400
,,,0.003404,-0.002400
,,,0.003406,-0.002400
,,,0.003408,-0.002400
,,,0.003410,-0.001600
,,,0.003412,-0.001600
,,,0.003414,-0.001600
,,,0.003416,-0.001600
,,,0.003418,-0.001600
,,,0.003420,-0.002400
,,,0.003422,-0.001600
,,,0.003424,-0.001600
,,,0.003426,-0.001600
,,,0.003428,-0.001600
,,,0.003430,-0.001600
,,,0.003432,-0.001600
,,,0.003434,-0.000800
,,,0.003436,-0.001600
,,,0.003438,-0.001600
,,,0.003440,-0.001600
,,,0.003442,-0.001600
,,,0.003444,-0.001600
,,,0.003446,-0.000800
,,,0.003448,-0.001600
,,,0.003450,-0.001600
,,,0.003452,-0.001600
,,,0.003454,-0.001600
,,,0.003456,-0.001600
,,,0.003458,-0.000800
,,,0.003460,-0.001600
,,,0.003462,-0.001600
,,,0.003464,-0.000800
,,,0.003466,-0.000800
,,,0.003468,-0.001600
,,,0.003470,-0.001600
,,,0.003472,-0.001600
,,,0.003474,-0.001600
,,,0.003476,-0.001600
,,,0.003478,-0.001600
,,,0.003480,-0.001600
,,,0.003482,-0.001600
,,,0.003484,-0.001600
,,,0.003486,-0.001600
,,,0.003488,-0.001600
,,,0.003490,-0.001600
,,,0.003492,-0.000800
,,,0.003494,-0.001600
,,,0.003496,-0.000800
,,,0.003498,-0.000800
,,,0.003500,-0.000800
,,,0.003502,-0.001600
,,,0.003504,-0.000800
,,,0.003506,-0.001600
,,,0.003508,-0.000800
,,,0.003510,-0.001600
,,,0.003512,-0.000800
,,,0.003514,-0.000800
,,,0.003516,-0.001600
,,,0.003518,-0.001600
,,,0.003520,-0.000800
,,,0.003522,-0.001600
,,,0.003524,-0.000800
,,,0.003526,-0.000800
,,,0.003528,-0.001600
,,,0.003530,-0.000800
,,,0.003532,-0.000800
,,,0.003534,-0.000800
,,,0.003536,-0.000800
,,,0.003538,-0.000800
,,,0.003540,-0.001600
,,,0.003542,0.000000
,,,0.003544,-0.000800
,,,0.003546,-0.000800
,,,0.003548,-0.000800
,,,0.003550,-0.001600
,,,0.003552,-0.000800
,,,0.003554,-0.000800
,,,0.003556,-0.000800
,,,0.003558,-0.000800
,,,0.003560,-0.000800
,,,0.003562,-0.000800
,,,0.003564,-0.000800
,,,0.003566,-0.000800
,,,0.003568,-0.001600
,,,0.003570,-0.000800
,,,0.003572,-0.000800
,,,0.003574,-0.000800
,,,0.003576,-0.000800
,,,0.003578,0.000000
,,,0.003580,0.000000
,,,0.003582,-0.000800
,,,0.003584,-0.001600
,,,0.003586,-0.000800
,,,0.003588,-0.000800
,,,0.003590,-0.000800
,,,0.003592,-0.000800
,,,0.003594,-0.000800
,,,0.003596,-0.000800
,,,0.003598,-0.000800
,,,0.003600,-0.000800
,,,0.003602,0.000000
,,,0.003604,-0.000800
,,,0.003606,-0.000800
,,,0.003608,0.000000
,,,0.003610,-0.000800
,,,0.003612,0.000000
,,,0.003614,-0.000800
,,,0.003616,-0.000800
,,,0.003618,-0.000800
,,,0.003620,0.000000
,,,0.003622,0.000000
,,,0.003624,-0.000800
,,,0.003626,0.000000
,,,0.003628,0.000000
,,,0.003630,0.000000
,,,0.003632,-0.000800
,,,0.003634,0.000000
,,,0.003636,-0.000800
,,,0.003638,0.000000
,,,0.003640,0.000000
,,,0.003642,0.000000
,,,0.003644,0.000000
,,,0.003646,0.000000
,,,0.003648,-0.000800
,,,0.003650,0.000000
,,,0.003652,-0.000800
,,,0.003654,-0.000800
,,,0.003656,0.000000
,,,0.003658,0.000000
,,,0.003660,-0.000800
,,,0.003662,0.000000
,,,0.003664,0.000000
,,,0.003666,0.000000
,,,0.003668,0.000000
,,,0.003670,-0.000800
,,,0.003672,0.000000
,,,0.003674,0.000000
,,,0.003676,0.000000
,,,0.003678,-0.000800
,,,0.003680,0.000000
,,,0.003682,-0.000800
,,,0.003684,0.000000
,,,0.003686,0.000000
,,,0.003688,0.000000
,,,0.003690,0.000800
,,,0.003692,0.000000
,,,0.003694,0.000000
,,,0.003696,0.000000
,,,0.003698,0.000000
,,,0.003700,0.000000
,,,0.003702,0.000000
,,,0.003704,0.000000
,,,0.003706,0.000800
,,,0.003708,0.000000
,,,0.003710,0.000000
,,,0.003712,0.000000
,,,0.003714,0.000000
,,,0.003716,0.000000
,,,0.003718,0.000000
,,,0.003720,0.000000
,,,0.003722,0.000000
,,,0.003724,0.000000
,,,0.003726,0.000000
,,,0.003728,0.000000
,,,0.003730,0.000000
,,,0.003732,0.000000
,,,0.003734,0.000000
,,,0.003736,0.000800
,,,0.003738,0.000000
,,,0.003740,0.000800
,,,0.003742,0.000800
,,,0.003744,0.000800
,,,0.003746,0.000000
,,,0.003748,0.000000
,,,0.003750,0.000000
,,,0.003752,0.000000
,,,0.003754,0.000800
,,,0.003756,0.000000
,,,0.003758,0.000000
,,,0.003760,0.000000
,,,0.003762,0.000000
,,,0.003764,0.000000
,,,0.003766,0.000800
,,,0.003768,0.000800
,,,0.003770,0.000000
,,,0.003772,0.000000
,,,0.003774,0.000000
,,,0.003776,0.000000
,,,0.003778,0.000800
,,,0.003780,0.000800
,,,0.003782,0.000000
,,,0.003784,0.000800
,,,0.003786,0.000800
,,,0.003788,0.000800
,,,0.003790,0.000000
,,,0.003792,0.000800
,,,0.003794,0.000000
,,,0.003796,0.000000
,,,0.003798,0.000800
,,,0.003800,0.000000
,,,0.003802,0.000800
,,,0.003804,0.000800
,,,0.003806,0.000000
,,,0.003808,0.000000
,,,0.003810,0.000000
,,,0.003812,0.000000
,,,0.003814,0.000000
,,,0.003816,0.000000
,,,0.003818,0.000000
,,,0.003820,0.000800
,,,0.003822,0.000800
,,,0.003824,0.000000
,,,0.003826,0.000000
,,,0.003828,0.000800
,,,0.003830,0.000000
,,,0.003832,0.000800
,,,0.003834,0.000800
,,,0.003836,0.000000
,,,0.003838,0.000000
,,,0.003840,0.000000
,,,0.003842,0.000000
,,,0.003844,0.000000
,,,0.003846,0.000800
,,,0.003848,0.000000
,,,0.003850,0.000800
,,,0.003852,0.000800
,,,0.003854,0.000800
,,,0.003856,0.000000
,,,0.003858,0.000800
,,,0.003860,0.000000
,,,0.003862,0.000800
,,,0.003864,0.000800
,,,0.003866,0.000000
,,,0.003868,0.000800
,,,0.003870,0.000000
,,,0.003872,0.000000
,,,0.003874,0.000800
,,,0.003876,0.000000
,,,0.003878,0.000000
,,,0.003880,0.000000
,,,0.003882,-0.000800
,,,0.003884,0.000800
,,,0.003886,0.000000
,,,0.003888,0.000800
,,,0.003890,0.000800
,,,0.003892,0.000800
,,,0.003894,0.000800
,,,0.003896,0.000800
,,,0.003898,0.000000
,,,0.003900,-0.000800
,,,0.003902,0.000000
,,,0.003904,0.000000
,,,0.003906,0.000000
,,,0.003908,0.000800
,,,0.003910,0.000000
,,,0.003912,0.000800
,,,0.003914,0.000000
,,,0.003916,0.000000
,,,0.003918,0.000000
,,,0.003920,0.000800
,,,0.003922,0.000800
,,,0.003924,-0.000800
,,,0.003926,0.000000
,,,0.003928,0.000000
,,,0.003930,0.000000
,,,0.003932,0.000000
,,,0.003934,0.000800
,,,0.003936,0.000000
,,,0.003938,0.000800
,,,0.003940,0.000800
,,,0.003942,0.000000
,,,0.003944,0.000000
,,,0.003946,0.000000
,,,0.003948,0.000800
,,,0.003950,0.000000
,,,0.003952,0.000800
,,,0.003954,0.000800
,,,0.003956,0.000000
,,,0.003958,0.000800
,,,0.003960,0.000000
,,,0.003962,0.000000
,,,0.003964,0.000000
,,,0.003966,-0.000800
,,,0.003968,0.000000
,,,0.003970,0.000000
,,,0.003972,0.000000
,,,0.003974,0.000000
,,,0.003976,0.000000
,,,0.003978,0.000000
,,,0.003980,0.000800
,,,0.003982,0.000800
,,,0.003984,0.000000
,,,0.003986,0.000000
,,,0.003988,0.000000
,,,0.003990,0.000000
,,,0.003992,0.000000
,,,0.003994,0.000800
,,,0.003996,-0.000800
,,,0.003998,0.000800
